id,score
l70vbb,1
l6ziql,10
8144,162
2975,631
l70arl,1
11067,366
l72tn5,0
13559,1736
ldlmvi,32
28596,180
l71npm,1
ld01ps,11
12504,20358
l70k2e,1
n0pis7,81
26630,289
lel3zx,362
23520,146
18557,442
l70aeb,1
nwlvmb,1703
l734kn,4
lg5b7l,589
mclt3u,4652
l7fxqm,1434
ld9fu7,26
18768,3598
nblwj8,23
4703,1081
nn7t1w,0
26003,15
28805,685
4357,1817
5219,267
28114,370
l6zg5k,0
16286,1078
l6zebj,0
l70014,8
12993,61
15539,2697
l6x10z,1
19156,4639
6897,264
ld9ff8,59
n5udz9,43
l71uql,1
l71vmq,1
lda1mp,26
1112,23
l6yw4d,0
28480,45
8643,16082
l71gad,1
3216,10284
26862,30
491,41
375,38
19075,3600
oery3f,61
15545,758
lk7hpx,0
8914,121
30675,82
19811,351
16833,619
ld9iig,101
l8k6vs,555
l6nuck,951
l6zh5h,3
24230,3598
17096,129
nbt2pv,33
13379,409
ldlhp1,11
3655,748
16643,1881
16036,2437
11754,1396
18695,233
l6zcfp,0
25556,1560
nxn7p3,9
15915,2504
l70h7t,1
23178,1212
l6zzsb,1
3278,292
30255,237
13995,312
4972,5747
l712ux,1
l6zems,4
26004,7861
11858,3694
29637,10948
lcjxcz,0
l6zlad,3
12158,668
lrxrtn,236
l6zdu8,2
11442,1652
ldjkqx,24
2211,3252
lykmre,7
24351,797
l6zpnp,10
l6zfnv,12
15894,13759
olnbs7,148
7897,1709
12990,2819
20565,63
21591,19
11346,178
9859,687
neostc,0
m1ow80,140
n5pyln,14
lowjjx,212
5352,2567
l9qeyv,331
11684,154
26618,107
l6zk7k,4
23451,362
12144,187
l70376,15
27000,67
4435,3225
o6etpo,102
5604,2360
17090,120
ljlatb,21
l6wxv2,3
oettyj,315
nghmhm,30
8564,372
5465,3038
l79h0l,225
18655,52
l72idf,1
p17ozt,117
l706z0,1
l7230c,1
20999,5672
27122,29
16554,4060
10885,477
14825,740
27236,8197
1365,1
5783,3756
l6zvuf,2
1889,139
24637,172
3432,60
10505,600
19424,654
l72s93,1
16187,175
lhcrcu,297
21383,225
30521,955
25810,318
26452,278
m17ilr,76
l71jg4,1
okxu9t,55
l78n5c,604
1109,9
7286,2266
l7wdti,0
10603,170
onlh5v,58
l742fu,1
l8avzd,133
l6zd4l,7
8489,338
23217,1640
nn51ou,193
ld07a6,14
23931,2976
ld27pf,15
o51zf6,20
l6zyjh,3
7116,2541
ldirax,3
lehv2x,20
6909,5364
mbdncf,31337
n6d868,0
l7ud1x,273
27500,76
lda61s,14
l70vc5,1
ld1ol9,0
20274,5341
17898,908
l70gm4,1
l91ns5,371
15348,8237
14012,499
17112,6742
lmfmnr,42
6415,1239
7297,320
5090,244
l6zj59,0
27814,366
15904,5397
23557,18
l71m3g,1
25836,293
26690,915
26392,295
19959,174
26203,341
lcmj1v,2
7933,10146
l71lr1,1
5439,1626
l9pjrh,44
l70e4d,1
l6zfqx,9
lckpvs,113
lvvrty,21
14558,4563
27478,637
l6zi9m,0
ldlvor,14
mnmbva,0
27662,6332
12443,2673
28037,3589
10047,5445
10724,555
21369,87
l71una,1
13343,317
2757,116
13313,605
l81cbz,1033
l7254u,1
29013,76
m4bb9v,51
l71h29,1
le54rc,44
28190,5991
21169,1519
17377,10196
lclj2o,6
lun4yj,0
18781,942
le1ftd,10
l7uxup,1
19752,303
4009,367
l8sdpg,29
meewuf,38
ldj0i2,285
20804,11282
1074,12
24717,764
ld1iws,2
11033,4119
28460,7708
m3dvuh,43
lht3ny,313
10570,1305
5182,391
12165,979
1923,513
15829,3186
l70wtj,1
4158,608
lwhon5,30
7266,488
l6zs3j,2
133,81
l7c195,658
l6yyp7,8
9797,8865
lch5s5,165
l6yzdu,0
lkwq20,7
29826,11
l6ra26,1260
13819,1701
l6zsln,1
l9ikh2,200
20858,101
mb585a,2054
27102,28
20792,81
28327,76
17516,1340
8664,1161
10238,1453
22823,554
21183,8204
19978,177
o02oml,43
8137,54
11865,800
18984,70
lbrjif,549
21561,171
24159,1013
6943,303
28137,8889
18945,387
l6ziff,3
17617,336
8864,334
3210,385
3673,3740
lckjhp,3
lwye5c,32
ld9b85,55
21041,1330
luc6hf,6053
o78edn,137
10953,83
26957,123
15768,397
28783,2127
7967,1118
28871,324
13447,2790
14826,693
11636,8688
17283,178
6315,861
l74251,1
8607,104
30294,123
l71qdu,1
ldayzm,6
20917,127
nw55wx,170
21699,1007
lccfw3,80
mcuom4,1
l7589i,39
13419,73
l6yzzq,2
3664,130
26584,4022
5564,50
19462,40
23131,1672
17363,4004
o65fqe,0
10381,94
lzgjam,49
25736,214
l6zgia,3
373,109
973,12541
ld35e9,22
9571,110
16596,2020
30614,62
l6zr2w,3
11110,5220
l6yzby,6
10772,519
3252,296
o7oye6,8
18474,7460
m6ehn4,0
28766,469
la84a0,0
1845,845
1249,4
laj1lj,66
m1f2u0,21
29165,1136
9076,32
ld1aqs,267
ld4ih3,0
l6zlc4,3
n9th6n,410
7549,231
18329,906
24388,18482
l6yvzp,2
15249,449
ltzrbg,712
ld07g9,45
23250,370
23001,20936
l79qye,168
20127,107
12282,57
21832,346
lccgy0,34
14914,1160
16769,82
ls498l,327
16758,110
lcm0yz,0
3313,2015
l72cr5,1
23514,50
3869,57
28724,167
l7pyef,449
nhtad9,0
13893,1232
22510,5350
l731fr,50
l70844,1
1221,3
21779,489
lfn3mn,36
ld3qzk,90
15902,21273
l6zyms,4
2120,6853
9585,103
2428,1866
839,398
mn0stp,2510
l71tvq,1
22630,514
12645,310
l735xf,61
ldafol,7
13275,508
23155,73
l72gfd,1
5639,101
12007,92
4607,65
15227,636
9758,1569
2540,387
l7fb69,158
lc9q9d,0
o02tqj,655
19649,5544
4809,66
l6skf2,401
19747,1229
4407,401
7702,83
l70l14,1
oy8kd2,825
20381,1983
l6zfo4,3
7428,14812
l7u45w,113
26988,982
ld09us,8
10708,186
21524,4100
560,57
18880,66
16855,3808
3305,14633
10013,123
l9qsrq,243
7911,79
1320,9246
26717,1801
ljigkl,174
lck2xc,0
28161,1039
14840,8957
l724wh,1
l71m4m,1
25999,21
l70jid,1
18826,3214
18428,1297
2991,6954
17971,201
29543,31
2783,371
1553,99
27098,1024
27722,34
21192,2473
29592,2929
nosznl,10010
ldtupe,0
3795,438
l76l57,47
4681,77
l704cw,1
ld72at,6
11531,671
o9r86e,30
299,6
lce26c,379
l75ef1,1
27749,405
1751,1303
l70n47,1
20561,1349
15495,6053
8384,107
9800,31
ny8u84,13
21523,904
l727dg,1
30563,8
l6z0ei,2
lck50j,17
29319,36
ldaxk3,12
29201,2712
onb0bi,351
3455,35755
17479,198
16282,30
6031,4290
9185,43
26641,2108
lcmd97,16
l6zh31,5
13448,99
3533,92
3806,599
o2r9va,0
lo9de5,36
9416,606
15523,117
10791,1353
m15ycu,149
4952,3980
4558,2997
l703bb,42
4079,148
23761,41
12054,54
28655,5105
2869,2945
l71xsv,1
nwtg7n,11
ms17e4,23150
l756ik,1
nggpql,34
12988,2840
l71s3q,1
25256,150
23996,389
16025,141
6008,38
21022,2091
l7179c,1
600,6
8879,764
msulrh,134
1965,2211
m22fx7,7
7974,11369
lcg53o,1979
ld0y0w,14
m8olrf,205
lvd1dy,25
l70xxt,1
7586,723
lhop5b,34
4726,3116
ldacbq,46
27877,6
25212,427
l89m0y,676
25244,341
9294,269
lc7kq4,0
20736,2198
29447,2733
20822,366
5454,86
13378,3816
29099,42
l6zeol,5
17551,134
23745,617
ld9l59,78
11022,289
l72834,1
21560,67
732,2
14724,1409
mbdmfh,15
nbujnz,69
lra5d4,0
ld07p0,278
l72ghm,1
3563,9529
l6zf22,1
10797,9042
19438,345
laoc0e,60
13349,497
lch8fa,0
4819,799
8021,150
2031,326
l6zcmn,5
11069,84
mn53e4,182
458,60
o5rxup,28
17199,106
24033,756
26233,178
lcciwq,0
lwfyks,18
30089,2922
24301,69
8290,98
8191,438
l70m00,1
5828,197
l6ziwa,6
o52tgb,0
29942,653
5217,154
19802,47
19340,104
18908,2326
5085,344
13298,198
1793,656
lwjywd,25
17095,58
l6zv1k,3
29765,10352
l9gf8d,91
28817,924
ld3r2q,179
nm0tqe,36
8025,1678
l7121n,1
1920,232
lpzcm2,806
ldb75x,21
25584,57
mrj8si,50
13618,81
l7uccg,10
l72nsm,1
17555,6011
l7utoi,18
lgjaw7,2912
29,697
leids1,54
9799,334
l9jbc5,15686
11657,156
lcjwcd,36
lcgxof,162
20805,1324
6796,46
l6z07q,1
6842,752
l75290,18
lrafx4,18
19855,97
lcz2wg,43
15931,2808
o03cw0,98
lmaujr,17
18735,369
13476,104
l73063,91
l6zkut,4
22977,367
ogb7oj,233
9573,80
4005,327
ld6h8v,189
20587,241
15744,459
19830,438
l6zi13,1
lgb0h7,7313
13388,13377
5574,163
p3x1ge,290
odq97g,128
14513,132
27431,21
6837,110
l6zdk3,4
26535,69
19546,102
l6zkiw,3
9067,220
12511,284
10052,214
12412,107
o0apdv,1112
29063,3026
l703co,9
7920,554
10187,548
l70w7s,1
21777,32
l7029d,1
24762,37
l71643,1
lcl88l,59
l71ztg,1
l6wux5,8
l8sa41,30490
ldob8d,12
lcgw7c,19
10539,39
6910,3163
21453,249
9570,141
l6zlk5,1
21505,844
9559,749
8805,1073
2027,416
ldi1i9,7
2162,1418
l72bqt,1
27060,91
17350,357
l6ztk1,3
o7yx9d,3
l718wo,1
18342,4875
14754,840
15470,176
3919,1136
772,9
l9p0tr,74
l7mnmt,721
m9i1at,831
28976,385
nlkkvv,16
24537,49
1480,5
30603,4770
ld33my,8
5449,3026
17707,1998
l72f8o,1
21260,137
ldmrxi,0
6079,267
l7kznk,320
21259,29
nwry69,18
24067,1471
9326,1640
l701re,1
15873,301
mu2e0e,15
22980,1215
7318,2042
29744,155
oh3euj,553
l9qmxe,0
15181,28
oc3ofd,22
23751,663
23320,113
29806,7187
26273,867
l74mbz,0
20738,737
lrsmx0,171
26746,356
75,140
ldfcev,93
23950,32
l70biz,1
l731ew,7
ly0j2h,66
lhor4r,2645
m348ld,1940
21601,323
l6wygu,1
l6yvz7,2
ld1glr,83
20298,134
30812,92
28070,667
md3080,165
ldesiw,0
30830,75
25080,29
l8wu5v,587
l7122o,1
l7574q,6
17294,927
1549,1675
10283,2338
6111,4138
11206,444
21804,5612
23836,157
l6wwpr,10
l6yzvl,3
20852,56
22468,281
lc52sx,376
l8m5jy,8
l70iw9,1
lc7h4a,9
1633,444
21502,191
lsxv9o,0
1595,190
l7jpnz,303
24591,3518
l7k3y7,0
1050,1202
m7s0c6,463
11024,180
l70ccf,1
1139,8
20377,3202
ldewbp,0
lvb4so,0
1863,1671
ld1rr8,29
lugp10,25
l7164j,1
l70nqq,1
19832,533
p2a6rc,86
5176,530
25488,46
10827,2344
lelhhk,199
18218,774
12295,74
22609,5165
13401,154
16709,918
11900,251
29189,1331
l75bl6,1
14784,2265
omy3dz,333
lip4la,81
22549,673
17871,71
ldjdj4,0
24629,5142
28904,3222
l858fh,289
l70hcb,1
20195,974
5607,5156
lda1ec,101
lda6g9,9
l714rw,1
5105,73
mmakl8,589
23575,502
4165,1344
lcgiyq,118
12328,26
23327,183
9663,806
27277,81
l741yo,1
2266,109
n80k3r,23
l700j9,2
nwkxr0,23
20465,857
ozx6tv,6
13072,2381
l72foc,1
o6tev5,142
ld99ru,456
28119,4122
18114,939
26821,107
10840,177
3340,645
21778,954
l8i0ce,627
mqa5qe,2
l6uf6d,317
12553,1774
n90iyg,111
ldi5av,20
24370,6861
21182,75
30760,18
26238,1848
l8vn39,269
l72b68,1
l70s3k,1
lvsy05,19
29947,43
mcegx9,0
13025,3742
lbr5da,290
4577,5452
o5pdge,77
l704az,1
11534,1041
24802,1450
28732,65
11450,776
3773,1756
l71w26,1
16682,179
ldeygq,10
8469,870
9157,1754
l6tauf,331
25763,212
9552,1245
20948,796
30728,652
15759,520
l72afw,1
3071,3482
14416,8200
28289,47
15311,692
20142,296
l6wuy5,2
14471,8612
234,2577
1218,2
20887,7053
p0za6j,179
2000,1853
mk2651,684
lc6x7v,6
l71yne,1
28191,49
25258,635
14137,93
l6zudu,3
nljnwt,1
l6zxc9,1
lx9slu,0
17668,43
lcgu59,425
13869,5063
m2vz6q,516
l6zfzg,0
m2zuuh,561
13416,19022
7222,956
l6zc85,0
l700t8,1
lcjuzw,11
24354,358
lr35wt,185
l7uant,0
l6yzxk,1
l6zj0v,2
25803,1159
l6zfpc,8
10456,69
lclg5l,33
3405,1104
l6zq4f,20
mabmyk,4985
27554,28
18488,951
l6z02f,3
17361,3680
26888,16177
16138,108
30552,673
mzoayf,74
14238,1673
9669,601
ldgzt7,1650
27005,208
24857,777
14681,4092
19256,363
l9nhuq,77
lxxnws,52
l724x8,1
ld9iz2,50
14935,198
l7215u,1
lc6ndx,14
l7227u,1
3904,752
l718nk,1
l6zpy0,3
26753,4209
mu4p61,2
25329,8402
l6zv9m,10
5696,533
3427,19782
7491,351
lgiu1x,2242
10108,129
11913,834
lfi3va,785
29373,136
8488,247
nw4nv5,27
l721xk,1
13216,138
l71e4l,1
12575,573
l6yvxu,3
o10ash,91
13847,2677
ljmwyt,2376
lwx1e9,105
23370,862
3146,1153
l71v1s,1
l71btx,1
ld5o8b,50
16685,867
lxi05e,1384
29207,184
l72boo,1
l72ucu,0
28808,1988
l8cq43,5411
6790,4480
11364,262
28736,200
5525,105
mhi0wy,64
lcz4qy,36
14008,1382
11925,50
8245,1633
11718,24760
7921,1505
21004,4470
8680,2856
8126,3400
l6zkdh,6
28974,1936
layhkp,0
l6yy9s,6
2057,8039
6170,5753
l6yzmq,4
lt5t0h,56
14586,11610
13534,86
29923,1984
23212,382
l6x0i1,4
l7rmsv,140
6567,661
15090,183
5500,582
24241,380
l6zxb3,1
13292,579
28179,108
n5pzen,0
6421,973
lc89us,16
20059,2007
laoaru,2260
7422,872
l6zfx3,7
14390,627
16009,452
21612,350
16342,1544
lskwls,119
27695,2446
26430,54
30040,6520
m2fi3b,188
7247,1883
lo5484,46
njwlm6,155
lu9cul,2
18095,5493
n1qned,358
19339,841
lpmlco,105
l9powj,2872
ld9d3h,116
l71zhn,1
ldawf9,15
ld4dbt,100
19981,229
21321,1360
l6zyu2,4
8792,128
lcyn8s,31
17262,217
ldcbll,5
19342,153
l9fqoq,2586
7901,1173
lpahtc,78
12824,108
24326,1231
9027,971
22080,1092
26375,46
l73b7a,182
l6wz36,1
ldp6wq,3
11279,27
25856,1776
15261,2020
l71if5,1
22955,216
mq1xlq,187
lemfzi,36023
10838,208
o9tcx9,124
oifmrf,29
22699,62
24734,102
27557,30
14518,566
20073,32
17959,712
l7kdfw,595
n9g6f0,8
1419,4
28947,190
l71df6,1
l6yyb4,0
10815,47
21596,202
3463,3453
mfuz84,120
lzxod4,88
l71vdz,1
4049,1324
13496,261
16795,5262
n515uc,21
3648,143
lph2sj,80
10475,366
30536,8922
19942,1372
3536,4566
layend,64
15170,191
nb2q6d,601
1175,0
24893,1008
ld5gkj,60
liq29l,89
24183,1319
19305,6598
l72j7c,1
30257,239
4161,1747
19609,4702
4174,819
ld018r,65
15504,3312
l6yzhh,1
27293,5039
lqutlp,316
l6zuet,5
lxdh0o,34
15643,1285
l9dc34,32
lchda6,98
l71w3n,1
l72gru,1
l72ili,1
3337,143
12229,21865
l70wh0,1
17883,4358
25400,1001
l7094p,1
7048,79
15867,44
711,21
3511,2798
15477,3375
l7358a,41
15963,159
m5wx1x,65
m25szi,5322
l6zkrg,3
l6x13f,2
lwrxw9,178
2444,47
lyefe3,46
l702y7,1
obndyg,41
18819,465
840,280
25734,77
23038,2025
l714o0,1
21875,6621
28588,279
4979,417
lclyg2,30
19360,1847
11429,127
l7187t,1
27926,146
lc7rrr,0
8487,107
5659,39
l71nbw,1
3704,86
19589,5835
29736,19
15336,632
njbt1m,0
l6zw6u,16
19007,3116
11931,26634
29000,127
2654,640
lczsc9,24
nbsga5,19
882,10387
27355,184
28212,468
4405,5379
12058,2145
19371,511
10854,674
26579,53
21035,515
l6ywh2,3
13273,817
lcfvko,5
l6wys8,9
lc8sqz,3320
l71uz1,1
20896,8749
ldk1bz,42
27450,293
8516,3738
29347,16
17299,2915
659,4
5844,33
21874,160
2911,284
5666,1181
l728ho,1
25139,7015
13630,5933
l72oo8,1
m2svbk,222
l707j1,1
13684,1195
11308,1867
11318,141
10920,4925
4789,1011
27845,40
ldhqoo,0
3682,1003
3346,2882
9545,305
lwkxk9,45
26182,98
28081,1132
n75634,20
30491,791
l6zhkp,2
l7gkyu,673
l6yyuo,2
l75a80,207
mg2v51,43
21542,26
11250,2371
27940,2538
okukkj,112
l71dan,1
25153,206
16843,629
6774,331
23774,7884
29814,47
layjp1,16
lcznns,0
24004,2011
l6wyid,0
13658,182
8717,3296
19406,5234
l6zyax,0
24832,28
l7iq6l,690
14373,1704
l712pl,1
17558,1918
laq0jt,44
l71nex,1
l70kdq,1
760,3
2797,582
24735,125
l73bc5,260
lcyhyx,20
l6zhab,1
30343,237
l70nqp,1
16601,490
21954,237
ljlnpr,43
ofpiae,162
8503,1855
l70zxu,1
15874,401
l70fz4,1
30517,862
7932,1358
1276,1
13555,3301
l6wwqe,2
m629s4,175
11380,308
27552,145
md6te4,17
mrg55x,2
18841,466
20310,1790
9123,54
13865,2402
lcys36,6
23226,61
23556,27
9407,550
29400,35
ls42x6,3696
1687,958
16265,2489
2584,140
l70ut8,1
lnlcw8,36
8592,387
21786,639
ona9jf,40
2259,47
ld98wn,34
3223,619
29144,86
m1venl,60
l6qilh,2663
20419,202
887,546
1950,824
l742e7,1
3260,12007
10447,81
368,5
nmkhyz,42
24281,1113
8810,292
19510,907
l6zeby,0
lcy1jw,1
lser2s,1889
22682,366
lhvcqm,333
ld38ck,250
l6zk1y,1
539,9
12773,81
l6zf6f,3
lcjnj2,0
17355,866
23103,960
l6zhza,1
lykdr4,19
20856,1785
3108,332
l72acz,1
2010,6648
n9tn17,23
l6yvvc,4
7548,254
1306,1
l70mzs,1
5529,1907
6491,828
ld6nre,858
l71zcj,1
lkv973,171
27155,128
ld9gai,0
l720ee,1
26575,574
20238,166
15254,453
21410,214
25981,36
11646,1553
lan4pn,272
28667,19
m278qc,29
l72k4y,1
11494,383
4608,7164
3248,3849
10770,68
30076,4394
9424,2739
14263,5154
l6zde7,4
lceopp,187
mhatzi,171
20279,144
lcll8i,0
23826,16179
l70fko,1
lczgki,3
l6zw9d,4
l7u6v1,345
30967,1219
lyyoqj,12
791,11229
11145,567
18267,481
15932,103
12486,310
7917,4756
154,5
o4vz21,0
13125,196
27120,19
o5vcp5,368
lc9ye9,192
ljmded,419
l6yvuq,1
22851,3022
m904gy,130
24116,1424
1564,2360
l72eg1,1
500,18
lclls8,108
l6z03m,2
19571,3468
ldiy4t,0
laolti,0
23570,824
lb255a,94
30233,3763
15835,51
19453,1132
3744,104
26868,8127
17428,822
19774,512
m0y743,13
4850,300
15617,555
l6ywev,5
ldms5a,0
4160,1423
19761,207
27410,520
lw7xx3,109
m5cfft,37
997,18
l7384m,335
lda6wa,81
7437,915
15769,1386
21178,147
le1f3u,19
12969,438
lddr8d,78
19165,140
16219,2422
14395,3001
14252,582
10402,766
11457,418
23987,61
4347,12382
l6zf9s,1
3194,48
l6zfhn,10
lc174t,210
20221,13078
l8vcqk,73
26750,99
3133,225
l720ky,1
26904,46
lc7k1x,0
lho26b,85
ldbmif,21
3245,1657
9075,1665
l718fy,1
l8wnxl,337
6985,6116
l8oiaa,952
5559,60
lc4imy,123
n5z4od,0
14507,168
lclhot,60
ld5fan,97
l6zktx,1
n0vy4r,21
8390,6602
5299,28
24934,101
9275,1416
19973,106
4035,95
l6yyvw,2
12063,2804
ldip8v,24
l6ywyh,1
l8vwc7,182
12459,117
2914,2257
23288,376
ljliiy,14
9348,161
ok164a,382
lcah5q,34
16712,6964
6508,164
26780,2565
od4m9w,613
lde2nn,0
18472,117
ok1db4,85
26328,81
l714lq,1
28866,501
1308,1
24218,160
ltscnw,22
l74khc,37
27344,471
4394,1753
l71dn1,1
27275,708
ocas1q,101
13972,4405
6119,2581
ld29d2,3
28313,27
18730,5329
23030,837
25423,23
m9z2dr,106
l6yxrp,4
l729e7,1
mloobn,2030
l8boxa,928
29772,1142
liexiu,15
lc73c9,0
7522,1293
l6zhrg,3
laic11,7977
16726,1017
oa570r,103
l6zs16,1
l71hel,1
2827,119
lj8t99,23
n5oeoq,55
l751if,1
l6zw05,0
233,2
m2udfb,244
13442,73
n6zv1u,0
mh8q4p,129
nx9vlt,2
m4rrgw,1
4925,303
5613,11776
28484,20
29158,167
nwuclq,256
10489,923
l71x22,1
l6ze45,0
24061,3925
11620,1673
220,3
23714,3260
27200,2472
9907,985
l6zlkd,1
9718,4021
l72l4x,1
l710fy,1
26560,66
l7yc12,4230
28562,13
29932,325
l84fiw,593
6092,3302
l6wuft,3
9209,3972
p1w5fe,41
6493,192
8015,221
28385,2450
14759,813
15944,159
lalcjr,69
ln4sqv,158
11454,697
13784,27
l6x129,2
14779,1323
21230,1013
27638,196
3799,199
16521,144
5626,2397
23875,303
27207,57
l71jvq,1
l71q5z,1
29684,9695
ltiai5,48
15720,2915
10231,9736
l7uaub,99
l71v6b,1
15524,5953
9344,308
l70fvt,1
l7rh6j,918
30748,879
29346,137
l9imop,209
11613,359
l711lq,1
8877,163
l6yzgb,2
14691,4439
17961,1341
11793,115
16917,4407
22718,85
l6zgm3,5
20201,632
lx77y2,0
20848,911
468,66
20408,301
lessc6,23
mb5tkz,77
16724,595
2734,13845
15378,1917
layko2,27
lagvjd,0
l71ruu,1
22923,6121
21246,3739
23699,44
6263,67
nj01ee,42
13500,39
l8g7qu,605
15650,206
nnqo52,56
o1log8,27
ljgtxj,1510
o767ps,26
m3zhw1,220
10876,697
l6zd8a,5
28605,2057
1590,168
l6zruu,2
20232,213
20909,9142
l6x0fb,0
5616,459
lce4yt,46
14738,1146
1527,9267
ldgpjm,4
21063,249
4265,1300
19964,4628
898,493
26035,5475
15325,101
29525,4906
p56ozu,43
28275,7926
1136,0
736,3
3103,311
m6nmto,200
l72k0b,1
2813,1073
25602,552
7661,5421
803,7315
22833,1273
17274,39
181,5
17717,1727
13916,65
ld0kwh,57
l71tjd,1
17330,3904
28029,1840
l6yzz5,0
24881,19490
17088,221
13049,1967
ld5rd9,296
11871,241
l709fe,1
7593,1369
l72k70,1
67,37
15828,3976
5061,184
l6zfh1,7
onf2ef,43
9956,55
l70niv,1
3352,388
8051,589
6046,336
24389,2446
ojcg2b,329
ld37wx,66
l752bu,6
520,12
l6ub9l,405
30290,4011
ld0woe,9
23507,106
l7udhj,543
6233,1588
14297,382
l7181p,1
1474,18
l7wqx2,507
24527,74
27714,237
7404,2294
lcbrc5,14
lh35xq,158
30875,202
12740,549
4629,5489
22713,113
lg7hfd,31
ld0djb,20
1390,1
5652,5179
30127,536
2900,347
906,6
ldjsqz,7
30498,47
23689,74
mc1zp9,1325
lv9ev4,0
6820,3049
12123,308
l7ahsu,143
14812,93
n5oudd,58
2174,4258
lwufjs,381
l7164b,1
o2g5y3,391
1080,6
21840,1843
17221,3718
leokp0,17
3179,34
21493,28
l6zhq1,1
21599,1389
6010,575
3753,40
495,125
22298,556
1387,18
l6wwdi,1
17166,391
4784,42
30607,3386
10393,464
m2qgug,4563
29015,113
2859,363
l9z88h,6
l71m0n,1
2906,481
ldhuid,10
8953,59
21124,1334
l72hwi,1
15135,4993
23055,168
l72ojd,1
19204,5379
m248be,43
14041,2553
5761,36427
14879,4093
lcbahe,67
lags8u,39740
l741i8,1
13969,375
2981,2092
28634,55
21118,227
l72bkt,1
lc72o3,49
ldi7aa,93
6917,296
21243,2580
l735uy,25
10026,333
29971,9
l70vxw,1
l70hdq,1
l70d33,1
9269,299
21852,605
l70t9r,1
l8y3wh,12922
l71rht,1
nwpf9s,29
l72l8y,1
l7178n,1
lwzvtm,0
l6yw8z,3
21674,48
7288,35
l790wx,357
1086,14
18783,571
28344,6398
27531,15
l70aan,1
27923,48
26271,142
14638,934
30329,756
26547,286
lai275,147
9920,1357
l9mi5m,59
14432,56
l729on,1
20072,937
lb1dj8,1088
l71hc6,1
6514,1015
lc7hmf,0
m3aack,85
ldfl4c,0
l70csm,1
11376,755
30095,314
l6zw9q,5
8602,160
l71wco,1
20667,907
9173,10999
l6zjzj,2
5545,622
11880,185
nj0cj6,354
26726,340
929,1457
l6zkug,2
lck0hs,1
12828,1598
l71tbm,1
m1yeg4,380
28813,25
l72grl,1
lahcyj,747
19816,2570
18023,153
l70xs4,1
30056,1249
28095,24
l71gxw,1
l869wv,622
26595,768
18865,3534
16705,7385
3980,463
5636,1759
22402,446
25081,28
l72gea,1
l6ze1p,4
1191,9
26387,644
8416,1911
7861,200
26370,109
lc7wvx,0
6128,86
l716n3,1
7997,1659
24826,186
n93n1x,8
10010,2818
7264,2800
6577,6066
5238,1147
l8zr3f,7
l7235a,1
29185,1674
697,4
l70lz1,1
7425,71
24727,32
28890,42
5065,1100
l6h5bt,0
7409,73
16266,2981
11716,1526
27401,1703
lsncvs,14
512,5
l8ccsu,8942
m2b4vt,21
9025,2523
12346,704
ln9slr,72
10399,890
l9ksh1,26414
8999,16192
17183,693
1551,265
9200,1012
5900,1805
l72xc5,80
22704,7833
13138,409
11666,1096
395,17
29260,474
17736,14
l6wvv6,5
28624,833
l71rbw,1
lc6wra,2
11447,58
25318,57
l71cmc,1
15679,575
27491,1357
14827,100
951,106
14451,2337
14542,144
21365,175
18325,2076
21026,134
27655,223
7059,680
17460,10138
4659,3259
l7195m,1
27302,173
30399,103
n0otp5,1
l70azs,1
9370,3126
29190,3607
16133,7129
lcjsuy,9
me13xm,215
21400,583
l6yyn5,2
l714mg,1
1907,3449
ldewgp,171
20944,681
1478,5
12723,279
4865,2675
l71ltx,1
l75bjq,1
28878,26
lc6la8,0
m15adj,107
l70jep,1
liixp0,54
13444,9350
lca38t,1966
25865,2544
23377,2939
laykei,32
17397,2331
l71609,1
2050,911
ldiwwb,7
l71z5y,1
l71x60,1
18049,108
layi3n,20
lckbun,18
6876,7587
7182,8927
16776,8096
l7uxzw,1
7426,516
5624,4938
m0eeav,4199
7552,148
24938,629
26930,27
lwupak,0
14517,382
4066,1257
l9hnpt,175
4102,647
ldogsm,116
logwgo,59
l6yvh6,1
25453,219
16104,4906
21517,68
l6zhe1,1
20440,16714
ldee16,7
9807,950
16860,275
lh99ir,441
l72596,1
m0rli2,35
21156,183
13782,185
l7118f,1
869,805
lvzh9h,1756
22605,746
lcghx1,175
23607,247
l6zquw,2
l71wha,1
30271,1891
25494,694
nm4igj,0
l6zh9s,2
m25r3j,2
5088,345
9696,188
lb24jd,314
m96tq3,19
ld2drq,171
17202,100
7761,275
29094,2299
27815,68
lwg6yo,24
lazuez,328
l7202w,1
7242,604
5603,763
6175,121
21010,72
10642,3570
5276,2436
21354,4556
lxxxun,66
30832,2820
11181,126
19234,927
16814,3191
lw4qgi,32616
l6wu4e,19
27486,595
14996,92
l71k1z,1
7509,2650
5226,315
26518,7
13322,1984
29251,90
m6i0xa,234
22398,10127
21268,1454
lca84f,484
5573,92
l7zhge,0
30243,84
ldag7d,113
17815,96
29352,4757
8706,2536
15167,4285
14332,182
29587,2501
3028,2963
15354,369
2554,418
l9g8ft,0
l76787,281
l71hg3,1
l70jop,1
10861,13292
l8ahqi,613
22093,609
21886,2319
325,7
7187,3136
ldkona,0
12086,121
l6zie2,1
26876,374
2191,271
l6wuvt,17
3198,969
14892,199
l70fpn,1
1168,2
20863,350
22546,17
292,11
26453,11554
10154,283
navtlg,7
lsev7t,0
4701,167
mqveqc,12919
l7knw4,118
l70x8p,1
26802,1255
23388,2542
25731,3276
28419,3445
3140,1386
l71b23,1
liixji,5015
13979,5232
lcm39g,2
l72v3a,100
696,0
6407,1937
lkwazx,2183
p22pdo,56
16576,97
20519,225
l70tcr,1
l71hqs,1
lz66j5,14
l6zlfi,2
3993,29
4954,90
24089,66
22909,20561
3111,154
21298,4549
12856,186
ni1qqn,38
l733n8,1
23146,118
16116,1800
l70g0q,1
25332,549
ldh3dr,32
21055,25
ldl8yt,0
l7576i,11
28457,67
16674,4434
18615,18016
23753,4535
12309,170
l6ywzq,5
4712,515
4950,513
l70xab,1
5910,164
lmcu8u,45
l6yvk2,1
16607,20
23048,239
l71cnr,1
25242,442
l70x6m,1
nwwgbv,0
25051,1588
ldguvk,7
25793,327
l70lk7,1
5725,2848
nwc0mw,20
m6oanf,0
l70baq,1
8377,125
26177,43
6830,188
o0ol2a,0
1622,1359
l6yx36,2
l6zler,2
ljibh5,243
nbu5ad,0
l7j7re,1166
l759zk,120
o9k0y3,82
16658,96
nm3kt9,0
1828,1622
25656,734
2138,264
13820,642
l6wvwl,5
14313,3865
20632,143
l7224a,1
ldaads,164
l71g2j,1
ld2gnq,90
21639,225
3746,467
o58146,29
ld59x4,0
9497,51
4578,603
m4gel5,113
19790,56
3184,7228
1670,122
10678,788
lcjmwx,31
19277,424
l6zwb6,5
16960,644
l704i0,1
lcz8wc,0
28129,9522
19414,2434
lb3euo,62
l6zwxg,1
l6zj7x,1
modli5,163
3579,106
l72kd9,1
lycek0,161
29066,352
13713,837
5343,285
13815,813
lehaem,10
4854,78
l7jc5s,241
lck850,12
29394,324
l70uc8,1
9423,106
l7y7uj,136
ldkqun,8
l9qqrc,2314
ldj4dp,8
23127,911
l7e82p,159
18451,878
10372,646
l714q1,1
18186,5690
18495,286
27292,200
17545,7024
15224,550
24269,263
12413,5052
7626,389
29487,947
14853,8722
ldhmce,0
ld2ef3,25
5398,25005
29685,559
30409,726
lwqfsb,7
lyoiy7,15
11894,1981
17527,593
24594,59
22769,6060
13382,772
9355,2017
9540,705
2478,545
l93lbz,149
o6nak5,39
l8nfpu,205
l71o27,1
ldiywy,44
8925,111
l7bpz9,289
l720e2,1
5484,11796
29693,27
18993,183
1600,3199
l6wygp,8
l71j6i,1
29892,1446
6117,23728
11049,421
4030,1130
l70n7v,1
18567,823
5931,849
2885,377
14132,2436
30532,91
17124,1555
20512,661
l6zdya,10
21123,67
l6ze2n,9
4324,513
3807,438
7402,1102
lb0jdm,3050
10466,67
lc7tjr,39
lck7jy,3
l74mgg,1
13135,316
nmcjum,40
25342,429
2001,1323
l6zibb,1
16405,897
25704,276
mfuvgh,78
l6wxjo,3
23802,201
26145,198
19495,1278
l71epx,1
6634,311
13896,284
n890g8,130
o0ny16,38
29784,57
29079,2078
24156,2558
o5bv5v,784
4791,3323
26424,6990
6555,3534
lw383o,2818
20763,432
18959,658
6347,64
15780,461
l6yw0t,4
12499,1453
10793,50
oyso5u,17
8066,2895
l6yx6a,4
l724bn,1
l9ps6i,414
n6gr72,17
5728,133
3378,6441
p0hdra,45
ldj61y,62
l72nao,1
20586,1516
4593,9378
13367,184
mzuktw,33
12605,3240
1975,45
5020,6891
m13x68,64
26199,349
27573,752
lcmhag,11
312,6
la3yb6,491
o264zb,46
lc7ter,0
nhj72c,519
oj43yl,4
1058,358
ol5in0,12
11507,169
9300,709
lcjzx2,33
10322,7574
l71h2j,1
l6zhqz,1
ld2gwr,13
23892,2235
13798,2148
26076,6189
25305,15826
13345,408
28307,1075
lcjoqo,64
ly0tm3,61
23017,900
29069,235
lcy3fw,20
16205,997
30228,50
15688,3044
18241,78
njq4z0,44
19882,430
lhqel5,181
l6zqsc,5
lyf9e9,137
13524,1434
l6zija,3
o1admm,32
l6ze2m,5
l6zi8t,22
l7234j,1
nwoa2i,74
l6wu0a,6
ll8jgo,83
30944,1916
mggq2x,460
lc6tig,15
18275,83
m254oc,51
mzc1t3,0
oiwq80,147
16424,154
341,5
19111,969
ofm2jv,10
matroe,28
3004,360
10971,194
16059,1505
11767,126
21062,211
20134,5028
l7le0a,538
29698,3197
lh0c3s,0
19991,1178
lcm5lu,8
12203,100
l91t63,71
9096,675
l8si67,205
14200,218
11974,718
26049,350
lgi13v,364
8332,304
m5ds8l,52
lil7ba,72
8668,182
6949,3474
30197,2349
mmur3e,21
3282,1709
20988,189
1643,457
l6yzsa,6
1895,658
14018,895
l707nm,1
m1g0gs,20
lt2g1g,202
l6zflt,1
11247,1078
23795,37
20724,2340
oix1lb,0
lem2w0,0
6632,1712
17780,69
l6zqa4,6
14152,747
l952rj,9021
lbbshu,267
28633,19
l6wytz,13
ld28nz,5
9566,6891
lbdqyf,132
28271,10
m1v1cd,0
10434,1349
30400,106
25806,363
p1lgcz,21
19708,11272
l70cok,1
l74lhm,154
24133,173
22982,147
19772,448
lsmq9e,56
l6zdwc,8
l72s3c,1
p14sxo,36
10781,1154
23968,188
10424,309
p0z41v,35
l72fpl,1
15970,21369
15875,125
18435,3964
18991,1875
12561,2143
l70cq9,1
11446,165
l72rnb,1
4155,144
16497,248
15546,299
lc38zb,77
25719,6769
l6zvk0,9
26865,35
lcluu4,36
l72u2y,33
2793,2512
l6ywn7,7
25577,191
l6zg01,0
l7sx9e,70034
l6zksu,1
5781,133
14849,973
9154,296
27480,28
15298,1653
l71rpp,1
lool92,784
30031,136
3347,378
lt1dc6,175
22459,114
25757,268
lap10i,146
21320,2629
5049,784
23785,147
15133,84
22651,133
ogg9xt,3
19356,465
25619,899
19590,6396
5242,239
3275,1499
lc7y6y,9
4653,11171
o74ymh,32
l6zdsw,0
mczcaf,159
12296,68
4555,4720
lda8xw,46
23695,111
10024,677
ldn9px,413
18229,241
m65s9m,61
ln9a6g,82
922,5404
30141,247
19474,8131
575,3
l7uw8n,18
19799,1722
laict1,141
o0uh9k,331
14147,1348
25853,42
layhsn,26
5261,229
14334,723
30523,404
22371,362
m5jlvk,61
5772,193
l6yyg3,4
11190,150
lcm8qd,3
l6yyqk,4
l6zjgk,0
11015,1370
o6q9rw,8
lyoqvq,48
m225xd,25
mo5wsf,418
l75mvk,385
24220,415
l6zr7c,2
17533,349
layi9c,16
l6z026,3
6690,73
14460,167
25765,7873
ldi0ze,11
l6zluo,1
lh9tig,1132
28557,107
l78za1,9549
p395ty,17
l6zu0y,0
15045,100
mk8ore,317
l71bzd,1
l6zj7z,2
l70a20,1
lvmgm6,96
29160,2665
12498,873
no0ixl,0
16247,2076
lr1t35,3190
2118,24
l6yybj,2
l6zkmh,2
19445,123
25420,5968
21084,23
29323,2404
16042,1843
16694,13985
208,11
23086,3184
20520,105
obsvwt,6
l6zyd4,13
24258,57
l7231j,1
macryp,282
27777,207
l7qxh3,621
nhtsbr,52
22805,105
12330,172
lakhh2,50
lb1kuq,0
28708,660
16918,827
l6wy1r,33
7542,4706
4914,4559
m33lzu,138
27466,14
22042,9311
l71iwd,1
6907,1268
10714,407
o2zzcp,627
17155,3726
l6z0et,1
lcea8b,42
p4iqoe,44
lqn25u,44
17532,378
l6zleq,1
l6zli8,1
20189,77
l71ecg,1
ln6op3,62
l72ad7,1
20370,158
n6k7wf,25
11674,181
l6yweh,3
lxqr88,7
16783,2759
lmx1sg,482
21841,3491
lbc6hz,128
l72n3u,1
18055,4040
675,2
14817,743
l7vzq0,7615
l71nvf,1
9357,376
l6zcpr,1
8090,3196
2909,68
24350,178
o634h7,68
27447,4382
o0u7ub,84
22544,147
mce1w9,383
nw9pfn,369
27196,978
l72jup,1
2397,486
oll5fd,18
6520,64
l7y23l,3412
11160,7614
25545,3073
mpt563,2177
2781,2232
2598,1176
niwtp2,55
l722ds,1
23409,2769
4260,399
5022,918
l8u30r,81
4460,5153
11774,39
722,901
m5rgci,141
oev296,0
27298,52
14805,3018
l6yyz6,3
ld0msi,10
9439,186
30341,5346
10744,91
30966,1753
l712cw,1
l6ywju,1
lpzquu,1379
l70mjs,1
12924,317
196,68
30275,139
15950,153
ldlyez,91
ld3xh5,0
ldjovc,59
m32kht,78
l6zuv7,15
29175,1088
10891,97
lrlee7,0
12311,907
p3mni4,84
l726u8,1
lcglyh,61
5648,1151
30315,24
8711,524
15673,220
8398,45
l723df,1
3473,10753
l8k4es,186
l75ce6,111
29605,3923
l726t0,1
21314,288
l6h87i,164
owjlh3,6
14035,391
l7248g,1
15093,11084
l71ix3,1
ogerpr,6
5550,14062
lbc758,3680
ldnurr,13
l6ywlg,2
l72hod,1
23423,4695
1713,7521
lda5t3,0
27768,605
7017,902
16467,413
l6z0bi,1
lq1d9n,26
lcb9d5,21
17571,2855
137,16
23633,413
l6r7fv,314
11183,655
lsdpuz,438
14515,335
26737,755
l6z0ec,1
lcjzgy,8
3628,357
21426,44
n6yv3h,3040
2202,76
12463,2933
16097,187
liqvpq,8637
l7tjyt,44750
l6zibi,8
lmk8ad,0
18624,6698
l6zin3,0
25740,38
5131,7755
13768,190
lc79vq,54
13373,510
25637,361
7349,69
m9lkim,1554
29754,295
29186,9904
nxu3oq,0
7407,43
10841,196
24648,5371
5698,61
l8tfi8,405
lhrhve,30
4484,559
20218,5396
12963,132
18429,3088
19482,1606
l728cd,1
8088,4592
24397,4556
29321,6922
l721g5,1
23472,810
l6yybb,5
10190,52
1020,745
874,66
n225dj,34
15061,89
7670,3159
5313,3507
lyyfxe,36
ld9po2,69
26396,3634
ld47i1,161
l6zed7,4
12733,19255
lsiwsi,198
27837,143
mbsicz,693
10531,967
o1yhqz,469
5067,923
22073,107
lfb2w4,6344
1141,4
l728v0,1
10366,5721
10540,8712
4041,1878
mqndra,730
4162,685
l72sof,1
30208,271
2441,107
l9hqn0,36111
7738,23
20066,5875
l6h5am,26
24579,737
13014,66
2108,406
n67cr9,0
n72c1a,6
1934,134
njfshj,264
l71pnt,1
ldicma,23
lew3xw,359
l71c80,1
1827,625
3013,125
l83sd6,689
15576,741
ldtu30,16
l71ow5,1
2659,19669
l70z93,1
29344,205
18864,846
o5iv7m,37
12467,5750
3873,342
1313,3
19418,321
30375,115
16337,46
27240,65
ldnfq2,33
ln3yik,40
22763,6600
lsk9ak,769
4141,6257
n02xt2,76
l71d1x,1
l6ywp1,5
22842,1016
28485,11
14380,900
2002,1314
ldpwfg,7
26161,66
17057,157
10650,2467
26236,5388
23150,29
mp4k6d,97
l72jww,1
3789,1028
oe9r7i,243
l763f6,0
7910,37
26294,110
892,1327
23846,405
m63m6l,50
10900,128
19741,20689
16673,564
19770,217
113,8585
16343,3399
l7031o,1
11539,1505
11351,9873
24563,368
11989,356
l721bt,1
17422,519
19664,1
28050,55
16989,296
lc9sg5,10424
1493,9
l6yw0y,2
5014,1325
l6zimy,2
13911,8318
ltuddt,1230
394,387
l70lbt,1
18797,11287
10667,483
lcf1s2,21
m0seel,120
28215,171
m1bbu8,53
l9kgge,55
26648,6154
4197,108
19099,6549
l6zhm9,0
24851,1951
l71b86,1
m2rvb3,3519
m7sgd8,71
l6zctz,3
l72sqq,1
l6zgjk,1
177,8
18459,90
25915,1121
1550,581
l6zgd5,1
l71ncd,1
lsu05g,198
l6zv8r,9
ldovjt,58
21846,500
13159,48
l6yyyz,5
l6z025,1
13805,146
19643,3065
7316,1667
20780,221
10818,3991
l6zcze,7
nfklff,342
2627,333
l71sh6,1
2818,10670
l6wule,6
11204,89
11252,86
nhyn43,55
27378,2983
laylok,8
mfwa9n,94
onkhuc,26
na5di0,12
l6n15n,7847
l7bc6q,388
3293,2898
loinso,2
10097,272
lcjzz1,0
15226,193
18547,6495
2725,433
29143,13
5169,90
27377,14636
7267,650
16739,1892
30372,1256
25952,521
23287,1835
13268,208
22623,741
26813,23
ld9g7q,65
l72r4p,1
20663,2068
msiyfa,133
22527,1814
l708kb,1
l6zdkn,8
3856,2233
l6yw6m,2
l6zw7q,7
l6zxyw,26
7471,1596
6660,132
27306,163
16824,9685
10866,188
20184,2765
le5aab,18
15662,433
l6k51k,327
14394,165
l7eq13,965
l72i20,1
lh8kk6,54
21155,432
oeqnd0,104
13987,63
l70h7x,1
20898,1303
8345,30
2194,15
lyl5jw,88
7876,1149
l736y6,1
lj6qwm,90
l71xwc,1
o1vf2u,208
mpwvhc,91
22843,204
2890,12664
lc7rn7,2
nm53o9,7258
lfijfg,104
26784,513
l6zi2q,1
l6zhlt,3
9335,3409
12710,5790
30226,90
30365,2938
24963,6702
15555,215
lge1fl,2465
la2kcw,246
lj72bo,401
lshp8y,122
4984,1554
19332,4149
20509,107
20252,3692
3719,392
9250,862
28737,158
25479,71
19892,294
l716no,1
24043,45
lwfwhk,26
12404,156
27663,3781
5753,216
l7223m,1
oei8fk,239
4995,317
lgec5r,92
18774,12794
24764,2359
19900,165
18187,89
22818,522
27942,3891
l72k84,1
21743,2395
lc74ew,50
lfpzz9,482
10299,442
l6zjr8,3
n12401,48
8267,10641
18970,2955
ong9c5,7
lc6k2v,0
25055,241
14244,689
l6zdvn,6
28254,70
3665,148
o7dyvb,647
ld4r65,51
l6nni2,220
ljjkxz,43
lfqtep,99
l71bc1,1
5481,1417
15587,2172
l6wzhw,2
26095,303
ld0g95,21
12975,1405
28583,821
14100,3625
lb7d8l,69
l7b3pq,822
24500,469
8886,125
497,402
l721bo,1
l707kr,1
luetbb,126
l72cph,1
l7254v,1
l6wyds,11
l72hk7,1
27326,15
21827,39
l72e7e,1
27295,546
l6zgd2,5
l7uxle,195
5974,10972
11127,1072
l6zk60,0
o47c8y,36
19171,301
24216,102
l6yzy1,5
23314,126
l6yvli,6
lojaf0,86
7057,174
l74wai,161
n6zq7y,0
ldfkcd,29
7723,2352
l709u9,1
l939n1,0
mfvovp,936
26671,104
12008,5211
25204,39
21809,4529
ld56ux,104
l6zczn,2
l6x0yi,6
2219,1063
le859v,2795
11405,1162
28404,219
l7p9d5,33904
27857,16
4452,3977
21137,963
lc7wy4,10
21164,10774
l6yy8r,2
6195,19
20287,619
lajoee,295
lxwe4n,201
29596,137
18074,96
30698,212
20644,303
30382,24
m2h4zy,168
l6yw7g,2
3890,203
2763,137
n18pj8,1549
12051,93
l728h4,1
19800,116
20503,16675
15331,630
1413,2
ldixwg,20
12936,1900
24314,78
lbno7y,12
24704,686
l6wuey,3
o7vagy,304
l6zr6b,0
18368,4119
20326,336
28427,346
2115,2326
le8s1v,229
10382,164
4239,405
26921,255
l6yzvx,1
md298y,30
l7uuo1,51
17079,361
lcxnqy,10
lfix74,748
23780,34
18303,84
lckdys,25
mzt7b0,0
27999,5571
l6zham,3
21007,486
29580,29
26903,180
25208,66
27614,83
2272,110
njdg9u,161
l70bbi,1
mgmgo8,102
5385,1228
25839,349
19151,137
22210,5135
17667,619
l732l9,10
lsxcl7,164
5874,3333
16355,166
mnq6ku,72
lcxrey,0
30059,839
15510,1644
12284,146
23703,22
l72ebr,1
lgo8us,12
l70m0x,1
l8el34,66721
2239,88
l71w6x,1
16353,521
5601,626
5824,683
19189,6673
l71irr,1
22652,24
nwjtkr,270
28243,1023
22953,827
27167,92
lx6n1d,5429
l6wu51,24
ld4xhx,94
7067,35
l8ctce,652
l72njf,1
md9psv,79
15788,436
12341,7446
mp75a1,42
m25gdj,553
lcgeh5,222
lcahqv,63
14877,136
8312,87
16382,632
12248,51
160,1381
25472,113
1602,1551
l70bfn,1
7243,902
16716,1288
l6tuae,458
l6zenq,0
l6yz7f,2
22380,1353
15731,11668
28709,1080
24009,710
lb43l3,39
17784,658
10439,2694
lhmckm,1802
l73cj0,253
lc7afq,6
12556,257
m1z81e,15
22237,3251
28475,304
10295,815
ldko61,10
l71gsb,1
24550,151
20001,449
1393,234
8676,25
21482,5314
15176,908
mqdn81,823
20325,907
11487,7754
l71d3l,1
7348,514
8134,2680
l71sad,1
9845,16136
l6z0i7,1
lwys8p,69
12974,2851
10979,336
11688,214
ofs9st,4
10592,150
28062,2049
lc7lxv,63
ld4e8b,6
l8snc3,1512
12045,219
17773,48
281,350
27193,712
22522,584
19523,130
l6zqco,3
5877,1367
27353,1162
24272,362
25758,74
lvf4p5,685
22029,6033
l718t0,1
nzvw7h,1471
15210,199
2399,7652
8080,2520
l8px9g,101
19691,99
28653,7743
6182,32
18526,106
21284,140
30653,814
l6zjeq,4
l6zrfg,9
13100,2515
ldskf7,0
21078,208
2470,98
nxsdj4,113
28317,677
ld1sv3,26
m6s5oa,258
lcfvzz,5
l70hpu,1
14011,1627
29951,1298
l739x7,230
1214,5
7748,203
17013,1452
26333,1472
l72dxv,1
28563,16494
19784,172
3653,3899
1721,17069
26669,7460
25077,578
1147,8
l70noc,1
l6zid0,16
o3pkhj,9
1314,12487
19131,2122
ld784i,36
20414,4034
13396,1590
27011,191
llx2mb,45
lc5v6d,81
26123,197
30922,2786
mkk7u7,14900
363,172
139,8
le4teg,17
l726mo,1
345,9
m16b63,15
lcmi1z,15
9649,1261
llpask,142
5528,1232
8627,71
mzgl89,71
1946,373
2367,8083
15989,82
3256,255
27967,166
l71nlm,1
l6zrn3,5
ldbja9,45
m23e4l,637
15111,1088
lik2qo,836
20735,536
25611,13408
18977,2684
6387,5488
ls20bj,21
30670,7331
23397,7194
27985,268
8100,117
22258,72
2184,84
nwc91o,289
18868,1934
26665,237
l6zu1q,35
7657,9946
19990,1624
l71mmh,1
7120,133
5775,834
17596,1505
934,439
ofr548,232
23071,6049
8842,48
11216,698
l7wfgy,1251
11836,7934
2025,107
17453,6536
l70zah,1
m2c3js,3
l72e0j,1
21513,512
l70jkr,1
l717sj,1
l741pu,1
lsgd4m,66
l7rb4k,89
15572,3110
lx8phe,260
18024,445
l71r5x,1
le9b7x,71
l6zp1f,23
17673,2806
nx5756,629
10605,5789
7518,537
l70ami,1
l701lw,1
mhxwzc,80
l70chc,1
l6wvyz,8
lta6h1,82
l83myh,658
2297,3206
28926,28
ni8zp2,38
23002,452
m3hkjf,28966
6069,242
l6yzeo,0
30640,1452
leskrp,9
19727,613
17310,63
10143,73
l6zhtw,2
l6zqu5,4
14503,3675
19269,88
24534,2675
16866,4838
10740,350
17133,1583
25231,512
3768,55
l70cwq,1
l78tsx,433
23602,260
22397,1750
3784,3258
ol02i2,58
l6zl3f,0
l702ay,1
3341,1177
lbi894,67
ll8yc6,9
22643,19
lx13kf,139
no002r,65
l72aox,1
8278,211
ldk9bu,0
21587,3036
22415,1048
22260,24
l9bsgk,0
l6zlsr,1
ld0rae,66
m0zo3m,202
5493,89
la6cmz,836
lol283,18505
5512,3008
12713,283
3852,10047
16875,164
l701s8,1
17702,471
17874,151
l71x7u,1
lbdb8b,375
6844,100
5440,672
l71tgv,1
24227,239
29293,2124
l7180y,1
4404,742
29192,753
6762,64
26760,8353
2276,277
l711qr,1
l71phy,1
li8anb,36
11287,2854
17728,152
197,735
l74jca,148
8845,63
l6wzkz,10
l723h1,1
18028,28
18401,10548
29062,383
ldnrfg,15
14699,127
26898,19184
llgioi,99
6626,6953
lda3zt,28
9247,4304
l75464,61
7423,46
16433,3762
7915,12630
l72jjk,1
lpxe8a,19
9968,747
l6zfmt,2
23793,234
ljbpxe,0
14986,1485
l9tl5l,148
8328,6371
l6z0m5,1
m2gort,91
11337,4565
6864,2582
l72210,1
l6zezi,9
4519,1109
lccsxt,13
14067,357
11095,1826
28620,313
l8q0be,98
5103,132
24492,4535
21981,144
15420,377
p2z2ag,8
18523,2254
l6zdyy,0
lzh64z,16
leowlw,12
23608,290
8543,722
8862,32
22215,27
12212,2820
15175,1949
me5l7l,230
2676,2868
2614,85
m3xm2v,62
15361,61
ld2j2d,8
22963,5643
l9oxs8,84
10538,2132
lc88e5,5
29777,812
24179,721
8247,859
9608,2959
lgkned,0
mnyo31,290
l71h6s,1
l6zrbe,12
29054,163
l708w8,1
n1dyu2,600
156,27
10576,170
l702ul,1
1096,211
27766,147
mg8vbu,158
l6yxob,19
l716bq,1
18225,2003
lc1via,95
6460,182
l71gvx,1
l6zd03,0
m1ha3r,78
onmcvw,31
13342,213
m3g2j3,49
l72moy,1
18266,1529
ld1dsb,29
25796,642
592,3
9426,401
l74l18,13
l75dr1,437
l72bmx,1
26723,209
lai3ot,369
30356,33
l6jhbd,240
650,9
9667,2533
l93m6c,615
n6r47x,6
15174,7500
l6yzwy,1
24445,181
27068,80
9833,635
8068,15751
16298,3036
20289,7326
8508,5902
26417,82
lsjt8r,27
1132,2
1290,1
lc8m2n,377
laygvo,35
l6wujx,1
ohjkug,156
o842pz,15
lh567a,0
2608,118
5939,22364
11302,1210
20268,417
17227,43
lq17ax,8
6675,80
4159,222
1912,1765
287,10
11212,1670
6574,820
l6zy7h,29
29399,65
7020,4347
l705vk,1
l714vz,1
21239,79
21585,933
6756,49
ld24ur,0
mqo3e1,137
22003,18
lamh4z,81
l8ow1l,524
ldho7u,2
2568,190
6900,214
l6yxi4,1
laog55,8706
26638,8214
l850dj,293
lkp7ef,0
21454,168
18831,113
l71qap,1
23874,441
l71ys5,1
20550,35
13680,273
22472,54
29378,61
18662,3214
6871,192
27875,64
786,12
15076,134
18301,672
11076,1144
5805,4664
30841,207
9363,77
12927,1224
18883,577
liq33o,159
l707sp,1
10892,86
lun2co,14759
17150,4417
l8cmbs,0
30919,649
lckxv6,29
13033,468
noj7fx,113
lx8alj,0
14483,518
13251,446
naof7k,57
lv8c6r,76
18647,491
23707,30
7581,1048
19633,514
l6yynd,0
15490,62
24487,4412
ob7nro,65
7400,22063
6346,543
6633,195
l71zm3,1
29315,58
18494,653
27178,1228
l6zdyh,6
28483,24
18920,870
20841,51
22886,1776
2556,96
7991,99
14413,1946
17229,3570
l7uy8e,1
16035,7972
18855,131
l715m9,1
2660,822
ld1984,99
5377,1629
l71hbt,1
l8vzd1,11
l6yzyq,0
7960,233
9916,148
l6yxp9,2
17171,845
19865,177
163,10
9637,841
1443,12
o7osk7,2
23476,742
l72spr,7
lgkl1j,1913
14096,839
7774,2654
7800,3722
l6zw0o,3
7591,2299
17225,532
13608,6916
l71rff,1
2857,4323
5133,3870
lc7n6s,0
15216,1924
29569,4159
19905,4922
26448,6821
25517,594
2111,71
22648,2823
8063,978
25359,57
23508,317
layiyw,23
l6zinf,2
6440,69
l7hywo,2263
l6zh09,1
8399,2125
3491,2104
14602,882
30520,137
30714,314
oyf0cn,0
l72k56,1
muz0ic,17
21823,83
l6zc7x,14
16328,4151
mrg8qv,19
27636,1020
25288,1330
1664,61
6298,262
29113,1258
5499,619
10346,56
l726x3,1
13543,2682
22020,580
lqj1wm,25
l71pav,1
6035,134
28989,237
o9vdux,113
14349,2137
16173,1174
11098,446
l6zpt7,8
6689,2300
23449,832
16231,4407
lzn3ty,18
28018,2126
l7081j,1
2038,982
23932,1082
18485,7900
9676,3165
23989,51
12190,9617
5138,1670
15517,842
l70zcg,1
20065,250
14064,8304
lgup1x,16
27081,1357
l6zkzj,2
10897,631
19214,14007
l7u54l,212
l6wwdn,3
25738,112
nwodg2,478
o1m9uz,129
l6zpop,32
l6zf3p,4
3100,103
21930,391
l70fat,1
22873,50
30069,344
lc8vwz,0
9576,4758
5961,154
29987,273
lanw94,229
18204,2589
8972,37
8778,1170
lunjq6,655
27294,1154
3778,157
30001,6800
20764,1318
l72gso,1
l8f4qr,16
25093,161
13166,1127
l8a7na,0
23612,197
l7215a,1
lcz8bj,15
14703,501
lc7hqn,18
24138,2379
16141,90
28297,39
l726m5,1
l6zyzv,13
n0wrq9,65
l8d2jw,241
lnm5ey,17
14415,1013
2477,1021
nc8axq,72
n9duea,49
l8pegt,95309
lbhmsd,147
lb7gmq,42
l70g46,1
22375,360
l72icp,1
27055,4528
lcxog9,0
17061,3846
ld05ak,1068
9583,2789
ldaejz,29
17309,29
6015,539
25464,4073
l6zgnm,5
l7hsfl,533
oxpeqa,366
naer45,28
ldb6vj,53
l71tiv,1
26436,600
7029,186
la67me,92
ldibzo,52
17792,2288
24115,6921
l70k9k,1
28525,123
ofsnmy,94
l79yru,348
5469,611
30221,2555
28391,28
9949,5944
10230,584
16681,6313
n6c88u,0
28335,40
7852,121
li6p8c,0
m0wfke,75
22831,236
lihnbd,19
30377,214
l7u7w9,0
lc8jp2,0
25671,985
7150,289
l8na2j,196
23697,19969
onazr6,417
l9yogt,869
28928,115
20477,104
l71peu,1
6212,504
3654,180
l8w5x5,213
3211,265
l6k1j5,1091
lb27ue,3218
lbksik,14
20069,1364
30888,180
26280,146
14177,340
m77ls8,254
21424,188
l6yyns,3
l7010y,1
25358,220
10839,236
29560,58
22631,5025
4825,1333
10723,165
l71afg,1
164,12
676,1
l7cgrh,735
16196,195
lc81ym,7
ldc3n5,21
22957,6247
ldgppu,44
5572,569
24249,2145
23401,1748
6593,330
lfkl9b,34
ldnokk,0
10039,1024
27856,23
26964,211
lcm5j3,16
l6yvse,4
15560,3837
12518,1081
lx1x5s,19
l71hfp,1
l6zf7c,9
23537,2671
l7hxt0,771
l71j8e,1
23515,21482
6449,74
9152,415
28394,88
ldj2il,15
30057,142
l72j3f,1
ldbmdg,11
25269,321
lcbdsg,698
l70sx7,1
on00fy,31
18440,61
lbov3h,480
lahttc,0
28434,236
11971,5113
8031,692
l712sn,1
l77ttn,5822
17076,78
17505,305
23654,17484
l6zfmc,0
11234,117
14850,171
l6zyjf,20
l6wxay,0
5934,490
30249,2701
ljqz3v,569
mf2t5a,1007
5686,2409
l8ajvo,411
lcfjpv,0
6768,391
24454,58
mbq2yu,110
l70y0k,1
l6wvhr,6
lah4st,0
mbhg31,32
l72hzn,1
25406,163
12436,36
ldny3g,55
m1h7oa,69
4463,738
10471,79
18240,1333
l71srr,1
l7oju7,337
30950,729
l6zig6,4
5813,753
16307,89
19352,55
9796,89
10788,1625
myfmy1,18
4923,24
lcdmcp,23
13510,308
18927,116
l71b9f,1
lebyym,51
29561,1401
oe041n,70
10844,2371
l70t7m,1
ogsfmh,0
29588,3650
212,12
29241,905
25832,1185
lwyb27,8619
10615,86
l8obuz,101
ldhxy1,204
oenb3f,43
9767,39
ld5agz,0
19385,1042
5278,425
l6ze0x,9
lc7wpc,0
14615,4622
4281,95
10846,231
lm0xaq,66
lvh0al,794
10193,265
l6wywq,7
16604,465
14333,4991
12430,34187
17787,818
oyona2,42
ldtm9c,0
29631,19
lc6jfl,7
oa545r,2
l6ywl8,2
4384,5412
17892,628
7477,518
27463,11
mfy3xf,1036
23938,5742
l70z8r,1
l6zccv,0
16158,4840
lwea4x,751
l71iti,1
17170,4188
17795,899
26407,183
lkngg9,5966
l6wu2x,2
7280,271
l6zivq,9
m3t0k9,325
l6wyiq,3
oa8p0o,650
l702ar,1
p26zj4,12359
23895,1260
13789,638
21877,4182
12252,149
24843,189
6485,93
18918,275
3677,30
lhooz1,1057
29996,63
l72ggt,1
23395,344
12395,600
lkrzqp,36
l6x1p5,1
13582,660
m4yrl3,172
l71t1v,1
l6zj49,1
lcjtbi,2
7203,324
6050,1148
l75394,198
l7gznb,778
l6zyyu,1
l72o1x,1
8984,201
lcg7nm,39
l70jrj,1
ld0nq4,10
ll71ea,20
24828,156
nkza6a,682
27237,141
ob6q3x,54
27216,230
mbx510,23529
11660,6179
27849,1673
11653,1212
oacx46,41
21838,2364
l6z0jv,1
4786,10448
1184,5
l6wz0p,1
l6zlt0,1
6515,801
22829,4240
25777,156
ld99nx,135
lgrtno,0
22655,174
9005,137
l6wz49,8
ndsgrw,131
9186,4400
27974,949
3750,4821
1379,4844
3736,845
17937,1896
25666,969
4138,433
29425,230
26167,1072
l70tb8,1
27458,136
m4rbdw,2546
5734,349
17243,194
8193,109
27234,114
l7d37t,402
nxm60b,0
30927,240
l6zubw,3
l6ziqx,1
24316,8315
o6i8wl,98
28882,1512
15716,506
l7ly4a,34337
l702dt,1
13785,9760
23420,388
10313,3921
4496,10089
1983,47
nhf742,242
23130,246
l70mrs,1
12218,159
9188,202
6615,2258
6684,287
lc8feg,1436
15536,3487
l72jw7,1
lroeto,22
1246,9
l71cb5,1
25851,15296
l6zdby,3
lkmpxe,1531
9279,15572
30120,88
28659,294
n11379,524
1065,17
l70n46,1
27670,389
286,9
20533,173
624,2
18481,274
26402,109
9930,485
15702,291
l6zko9,1
23725,210
6318,302
oi1xl9,18
mzzf2q,256
l72f2o,1
12696,19728
ldt4u7,1
22131,612
13876,23
lmze9i,110
l72v7o,31
lyefud,23
l7cry8,213
l6zgeo,5
la8gbk,28
l6zg5p,1
4674,131
l72iq1,1
27166,190
lqko3v,69
11658,282
23503,1653
26972,1371
20167,7075
27740,1795
lcm3fv,2
l72k8d,1
17943,1290
29686,147
12305,25
l72oj5,1
26262,419
27208,100
22221,37
l6wwy2,12
l6wuij,5
26093,126
lpttk4,28
4729,1553
o7hvfn,16
26208,48
l814nx,6364
mcs5v4,3460
961,57
ldc9f5,0
30293,1038
16454,288
l72p3x,1
9024,2286
nwpaui,4
ldheu0,18
2939,520
666,3531
16226,2064
20243,3200
2371,801
28635,10726
ozau61,0
20215,183
26994,72
nxl5a6,61
1572,2567
10415,134
o757kj,14
15451,1513
l6znxb,0
21489,175
lc8vzu,0
28214,626
11751,206
oi1u2d,5
26879,255
25061,854
ldjek9,32
13745,5554
25923,71
3409,3347
26537,76
lns70t,625
26260,136
1939,26
m2josc,352
25239,46
9156,1570
lrohpv,11272
23623,54
o6fjm3,7122
l9vt2h,0
lcm8po,2
l72i9s,1
27674,3308
6411,2611
l8p1ah,344
22642,281
mhbbb9,262
l6zi5x,6
l8cbgs,137
mojo8t,225
l7592l,3
l6yzy4,4
30353,1131
lm3n7r,69
l71i57,1
22007,389
6194,205
26390,158
ldoh9p,19
29268,601
30281,267
26838,178
30022,97
l8li51,3860
5137,144
mgvivl,34
8784,10643
nxph1h,74
28797,69
11633,247
l7p5ig,810
531,15
15389,148
5685,5601
l70eus,1
ldlfc5,7
l70m8y,1
30975,173
8783,85
lwxrj8,0
5807,605
21764,1509
18812,2571
23242,483
26633,2324
26679,293
1994,5938
20174,3338
12965,24
7480,3921
5656,1280
l6ywbx,2
lgyifg,351
28858,41
oafiak,58
lb30os,148
l6zccl,2
l729vc,1
22248,1165
3112,75
lah17i,0
23636,45
17640,6355
lwztnt,0
oa0h3q,11
6584,2619
14412,538
13134,264
26274,190
11843,2604
l72kly,1
29501,6257
27332,2563
7877,325
oypqbv,16
lckqki,11
27333,1921
21628,216
21396,7347
25095,799
l6zzyn,12
24048,2105
21154,19
9155,970
lionx3,145
o3mglp,61
7550,2181
l72s5i,1
13622,252
oexv7k,161
5112,9117
26909,195
1447,1
13394,505
l71o7n,1
29517,436
n16wga,3084
1012,7
livc45,158
l6wwzz,1
l70375,1
13096,625
m5zuqa,242
lsggit,2446
mn8pso,33
l6yzpu,0
lczoae,0
18964,798
l6zshf,1
23109,47
2737,2365
noprc0,48
l7ufta,238
l8wdqu,104
22750,3266
2486,1020
26540,3062
l6yzhw,2
19812,13476
7367,8955
30829,214
11400,2640
1604,6003
19312,2317
2411,1314
9596,229
oj7irj,17
3039,659
9986,621
l71gr0,1
3996,225
21957,146
o18gs5,216
25799,94
o64ugq,38
ld33bm,25
ogsg1z,238
l74l15,21
29452,228
26175,955
17763,103
lpo2yv,79
l7204w,1
24101,150
17837,607
l6zhjz,1
ldajvz,47
ldg9lx,50
msasw8,21
7340,1456
ldkh9s,6
7970,4172
29090,5485
24810,1770
26934,7056
25665,596
7721,60
l71zuo,1
26419,1144
30715,268
18469,308
lh254k,26
n5ye99,5
14321,946
lc1m7d,369
27626,393
ldkrec,6
l713er,1
n7qe21,23
lmuhv7,36
l71h06,1
lcm9mv,60
ldt555,0
24490,112
l6zhrd,3
30020,188
lc7j99,24
811,2812
ox1e49,162
4520,4389
lc0gd5,161
l6zh79,2
l6yvog,5
25186,295
l6zdif,7
2065,1183
10908,1699
12784,1324
3450,54
24806,1721
10705,2993
ld4z95,8
13093,5524
ldwt6k,32
29890,8773
oyhsec,84
l70s8b,1
14038,524
28040,1636
mv8vlz,101
29691,124
lqijoc,18
mcgzwa,146
nx6rxd,263
27595,577
7624,132
15455,183
6686,655
l71eek,1
ngoehj,28
23736,185
20859,6026
3002,132
ni1ghe,31
lclue8,5
l6zibl,15
18016,1154
19613,3218
25750,456
6784,1159
o2ciol,11
11218,2657
24297,16100
8896,4988
l6zuem,18
l72sr4,1
19729,408
lcdho0,0
12286,67
29973,8
l6zz18,10
28188,26
n96fxm,9
le6nkx,0
16039,103
m1lj70,36
lbsxce,0
1764,2508
11441,150
12359,3389
343,80
l72h82,1
1352,2
20688,233
lclu42,45
l6zj0h,0
l9246n,190
21721,1143
l6zla9,4
7009,2356
23274,24
20778,116
28398,12
24582,40
13463,16
61,6443
l6zda7,13
l6zg8j,0
15186,320
1536,2935
l6z03d,2
l7uy5o,1
l70e4a,1
24285,1134
12215,4295
15992,1122
l6yx2h,2
ludcm6,9
ld0vr6,0
21995,209
4881,62
23373,118
29028,550
11141,2486
24997,1490
m5m5vx,18
layk3l,25
nlkp6m,5
11652,5001
21373,596
19436,3037
ldxhdv,0
l70g6z,1
l6zj1u,5
29633,21
l6zlf1,3
11762,128
l7yb3d,383
4289,2234
29662,264
okknth,54
o5vul4,544
la4iml,241
16876,11438
l8d489,980
1635,3240
22387,161
l70sjp,1
26906,36
l6wwe2,4
lckp3d,26
l70chi,1
lcfrxt,100
n5w5oq,761
lchdkd,31
17850,243
23979,6623
ldeor5,41
l6zfct,0
2590,1349
28108,1693
l6zkn7,0
28785,1188
l6zzj3,0
19244,218
l7zj1l,16162
30240,180
17936,1506
7134,2257
le8deg,7
ljx26z,25
1286,1
nkfgfe,59
14729,81
15496,2471
23460,6688
l71ztd,1
8777,1099
l6wygd,13
13977,684
l6zjoa,6
20273,117
ldgac6,23
2213,3940
16176,302
4451,114
6190,648
17484,62
lrzl3w,1166
12279,6737
ldg34j,22
mhfb5a,75
l6wuxq,4
24387,105
l70s4v,1
m3w2sd,28
lcamkz,163
lge9wx,43
30946,34
o5ozuf,189
26647,58
o9we2s,237
mu949r,455
l8crat,106
12449,472
lpp05w,673
25762,1116
l708pb,1
11582,2002
26986,721
l705t4,1
6691,671
29124,141
l7yz6j,165
l70ccm,1
llasip,69
l6yy32,11
18621,216
28205,37
ldaqrn,9
2735,252
2094,5345
l6zchy,14
24673,157
2499,68
1773,115
21005,2071
li8wkn,387
mn1b2n,91
21767,77
25152,313
laylyv,2
20007,24
l75aif,83
m0w7j1,135
27947,172
16386,155
10484,1807
19280,7530
4783,63
l6zuyz,34
l76e0l,373
20148,26931
l735hh,8
nxxkn7,17
6831,1254
l6zj5j,6
8738,29
8136,488
8648,42
l8wydy,379
ljuj3w,39
25387,2868
13336,9553
lck6mr,2
lcdstd,473
11792,2389
l701oc,1
19442,241
l7veqt,596
1658,57
l6zjlf,2
22322,1334
13834,218
3821,402
lwyfpe,48
looeoa,355
27883,1784
p3ammo,365
127,27
ldi42o,102
l70t0b,1
27556,220
15466,119
17526,380
mqaex9,7
2459,713
819,1453
13108,1672
14275,3066
mtag2u,899
16627,823
20806,125
3780,95
14509,3889
20297,416
l717fr,1
29747,1082
23937,8472
ld0kpq,8
19210,65
2351,326
ohm445,0
lmdc6i,1142
lsgxbp,14
10880,47
la1nvq,238
927,1016
9526,69
25290,110
5438,641
lc6v0v,23
24751,207
11399,1423
4042,60
l6ziv2,1
18553,9516
l73jiy,1
11343,631
l6zd9i,1
19279,2875
9263,706
18747,2752
m8rx62,2005
12055,35
l70vb0,1
29547,1030
l7257i,1
14181,4144
17140,171
20808,4957
78,42
24157,1064
19468,844
15663,8688
30791,1948
l71h27,1
8071,730
5986,202
l7270a,1
l6zjvn,0
5445,18442
lo4vhf,81
8638,582
lti92o,18
240,3
12323,9465
26863,763
nw5338,91
19400,3191
lfodyl,205
1353,3
8583,257
l6zeed,13
5317,3691
2234,150
9948,5826
of1896,0
20322,579
l7kui8,107
l6yw6h,5
20815,48
1931,315
1842,12438
l71u8p,1
l6zwty,3
l94ktc,177
lcyzrg,10
l71p8c,1
30371,598
6513,322
l74mfk,125
nxexcx,51
11047,687
851,57
lb1l5z,0
13346,322
118,426
29005,1786
nwoate,138
l71acr,1
16537,97
l7045k,1
9189,202
4350,1477
25053,789
13155,6714
27696,245
14036,154
n7fe53,18
27389,123
1618,711
27535,4587
ld4cvv,207
28277,6173
3836,3112
17416,2103
mpn72p,42
msrrzp,45
lf14rc,61
ld9s01,10
od3hy3,198
23499,278
manand,39
13019,5062
26316,48
6414,680
26983,164
of8y52,29
mbqxm9,4002
7621,139
6208,426
3618,75
4658,631
lc6zc9,0
6271,1492
l9k7mp,66
p1qhq9,31
10355,52
l7096b,1
l70h1o,1
lbzt8u,47
oia1u8,56
18197,3352
5150,732
5154,5307
15172,99
4647,139
16899,1843
me55qk,63
28956,25
8789,361
56,259
okp090,104
307,2
l9l4jq,76
nw7jri,0
ldbwcd,2
nxo14e,245
4458,4281
19448,729
lbzzie,26
10567,640
5269,101
22790,337
10577,344
23546,4385
23850,21
oaovxw,11
lalucf,48807
18954,3533
17063,811
l70utt,1
nxbf6h,55
23284,1382
l6zqen,11
lcly3k,30
24181,813
11411,60
28990,680
lzw75u,2738
l71c8s,1
24298,6938
22626,252
11735,116
6129,3210
24442,204
17300,716
6296,4134
12117,683
l6zri8,2
lz9a7k,11
5599,246
14516,310
20155,19
l70u5d,1
m16nbm,30
l71n3m,1
lc6xn8,44
23611,98
26178,354
6989,254
m9fw78,72
lbieij,810
6997,1369
lpc5t6,1753
l701kv,1
1259,1
15392,750
19949,2366
19382,7683
24513,153
mc7yut,15
l71yzk,1
l99bg2,761
ldmkxn,7
14621,5430
7292,495
l6zjru,4
ozyj0s,10
22153,571
17256,478
l70fk2,1
lc9yop,5873
13571,2428
l6ywbi,0
4836,5530
11009,795
23750,1403
23800,272
l9ea3v,8855
o22q2c,8
9943,44
ld9ja1,32
18556,6691
12871,538
29449,60
l71esq,1
409,4
389,64
8774,27
18184,62
20581,54
l74l2h,50
7019,430
20505,307
4182,8491
24060,21
ldzy5p,147
8485,11014
27963,172
1021,10574
l7075d,1
lc7s96,2
24020,47
lcyjed,7
lcf5dq,94
5744,149
l738ig,1
27783,45
oi7f9u,971
l6zikw,10
lcm3yo,16
l704gz,1
20353,247
4863,55
27605,51
l6yyvc,2
ldjj74,130
l752k7,23
9417,1965
29965,2275
24186,326
21648,82
11116,277
11068,369
7166,5127
24736,219
19270,82
17802,833
13961,3087
30620,10795
21935,272
ldkzf3,18
20756,189
22917,555
l6zj20,9
24187,34
28269,74
ldl5gd,19
o158jh,0
l70jye,1
l71zcs,1
l71mtz,1
25710,1544
13225,6042
30621,5344
3733,31
4774,1844
l72npq,1
15623,157
25527,54
27039,1008
20062,387
l6zks8,4
1331,3
l6zvq5,4
l710lg,1
p2j1o7,14
26680,325
l71msq,1
13925,2175
28550,801
27212,6476
lbtr3e,51
19246,2908
21879,486
1554,4602
ohl2zw,41
23851,223
l7ud2r,142
m3v56t,10
6849,712
mfpc27,71
l704c4,1
23941,51
9428,65
11271,42
21891,5553
21746,4032
1069,41
27442,76
ldfv9g,10
11226,689
8405,121
5516,459
ok9ilc,405
ld0qf4,78
l6zfp7,10
lyzmvo,41
l6zx83,5
24698,136
liibyy,75
16931,137
nwtnri,938
l70sj7,1
733,50
l71jcw,1
14525,4901
21553,154
l725e8,1
20344,11019
ldjyvk,0
l6yvfl,5
7412,300
ld1fvu,24
l6zgug,0
ls20md,2
l707nu,1
18121,62
l7uyae,1
l6zlf6,3
19066,129
ldf4e2,33
l6yy7t,8
7603,2132
417,66
11435,98
26339,572
ojdx87,0
3287,42
20554,8841
lcki94,1
15443,2244
25590,224
27600,902
12265,6141
3393,1832
20963,796
ogc433,24
4024,4089
12039,212
m5kffx,294
18238,2965
lry7dt,50
l6h5l4,50
lcjw46,10
27914,1990
4637,1344
16511,2687
9620,615
9906,2857
23513,46
lwebit,39
23272,278
26895,1250
ld1133,66
lc7rvm,0
29384,2961
la3664,1539
9515,60
ldko5u,11
13397,2497
lxm6wt,7068
maqpum,142
ldax90,55
17120,84
9743,75
29635,16
13615,183
3363,121
lc7ub6,11
l72s2z,1
20250,34
5266,124
7869,4600
l758wh,45
17052,11803
1157,1
5984,3472
8378,2056
26190,7772
28506,200
ojboza,96
mbkacu,329
17175,2930
l70v08,1
lcf3v0,0
lrx1z5,549
l8dbu1,250
3070,649
19696,433
o1fgwc,31
15476,255
layk1x,11
l6x1my,1
22894,3434
l9oo9m,405
l8w42x,57
11059,152
nleaan,61
13518,6312
6701,126
ng1nlz,360
2383,999
8788,759
10736,995
29853,176
19374,191
5833,41
na6erq,128
28003,2978
10819,92
o9jyav,182
lcmcmv,2
18237,588
11189,923
4038,37107
23316,330
26890,1156
6141,1364
10581,493
lro170,0
306,9
3440,2334
18886,5152
l6zd5a,0
l721c3,1
l6zjp6,1
18762,706
lc8jrh,13
mejezz,188
l715uu,1
5630,476
l83624,438
l94k4j,117
l6u011,841
19928,684
5928,2242
3456,1447
o0hbam,0
6941,890
17587,44
20021,223
l759e8,27
22610,487
ld28kr,132
4011,369
23553,69
l709qe,1
2888,65
21558,640
2215,1509
2574,654
ldm2y7,20
5569,314
12983,2171
29559,579
12287,28951
6337,1402
4525,1892
15289,374
l71t4s,1
7455,95
l71xn6,1
30119,9334
21133,79
l6wwrr,2
2064,293
16518,1143
16797,1125
30572,2068
22122,17
l79roe,632
l70izv,1
8223,1682
1816,776
l700rt,1
11207,7872
8752,6958
2930,136
11508,262
l6zhdv,2
m6pso5,46
lcdz3d,0
2829,61
15847,3382
l71p7a,1
25421,580
22888,780
o24r14,119
l6zhke,1
l6zuvv,9
25581,1103
12796,811
layi6f,18
m0x3ro,144
26557,3394
lc9rt8,7074
7447,4218
l70hxf,1
859,189
26985,504
23890,3809
layh6t,10
p3469k,34
lfdxv2,213
m9zf3x,993
l6zhbf,1
lq1b2h,9
13660,1863
3772,98
5560,757
22163,185
lcz1m5,8
9554,1748
6824,589
ldn2gl,15
30346,80
24003,540
22180,137
15846,1437
26352,594
18214,6591
22037,595
26184,74
lxvbu9,41
2710,1392
l71u3d,1
llgk0r,17
22508,304
lh6xup,785
l6zd5c,0
luw86a,69
lcgoyn,14
o48l4t,0
18309,40
la0z1c,0
23644,19
211,30
6958,114
layk62,11
27516,76
nx15og,99
8177,701
m0q98e,254
24770,296
11058,204
lhb2m1,75
n9njcf,4
nlmyxd,15
30803,214
8462,203
22879,31
lahckk,74
27103,132
3582,340
12774,98
ldn2qq,8
14107,299
l6yzdy,3
l70xvi,1
5287,27
2712,2336
lt8gqg,68
2585,7381
l715pt,1
ldie38,0
l7056b,1
8642,53
lhdtsq,2475
12289,8656
9347,833
24528,291
23471,288
1022,5007
11631,913
m575iw,128
l73795,58
9773,501
l715we,1
layk5k,16
n77rdn,8207
19644,7
lxzzyk,4
l6zkra,1
o1tkad,1216
17315,19762
l84ner,27485
23709,1682
24124,24
l71xu0,1
8867,29
10716,151
l71ix1,1
3914,224
11491,2543
l6wxb0,3
lcmhv4,0
ltm3wy,0
l6zla2,1
2765,331
18603,241
25898,3555
28950,11
5341,3813
lnnpne,16
lf6i65,544
774,3
l71dke,1
16167,5155
ldiths,163
l6zugk,5
6307,1825
865,55
15935,5906
